{"cameraMode":{"drawMode":0,"name":"Shaded","section":"Shading Mode"},"sceneLighting":true,"audioPlay":false,"sceneViewState":{"m_AlwaysRefresh":false,"showFog":true,"showSkybox":true,"showFlares":true,"showImageEffects":true,"showParticleSystems":true,"showVisualEffectGraphs":true,"m_FxEnabled":true},"in2DMode":false,"pivot":{"x":5.925417423248291,"y":10.462724685668946,"z":-27.194162368774415},"rotation":{"x":0.11039717495441437,"y":-0.5187079906463623,"z":0.0677599161863327,"w":0.8450851440429688},"size":1.0819636583328248,"orthographic":false}