{"cameraMode":{"drawMode":0,"name":"Shaded","section":"Shading Mode"},"sceneLighting":false,"audioPlay":false,"sceneViewState":{"m_AlwaysRefresh":false,"showFog":true,"showSkybox":false,"showFlares":true,"showImageEffects":true,"showParticleSystems":true,"showVisualEffectGraphs":true,"m_FxEnabled":true},"in2DMode":false,"pivot":{"x":0.12275438755750656,"y":3.071394443511963,"z":-6.168710231781006},"rotation":{"x":-0.006089845206588507,"y":-0.9913936853408814,"z":0.050007376819849017,"w":-0.12075285613536835},"size":0.5197000503540039,"orthographic":false}