{"cameraMode":{"drawMode":0,"name":"Shaded","section":"Shading Mode"},"sceneLighting":false,"audioPlay":false,"sceneViewState":{"m_AlwaysRefresh":false,"showFog":true,"showSkybox":false,"showFlares":true,"showImageEffects":true,"showParticleSystems":true,"showVisualEffectGraphs":true,"m_FxEnabled":true},"in2DMode":false,"pivot":{"x":0.20977938175201417,"y":3.0069477558135988,"z":-7.686444282531738},"rotation":{"x":-0.00177387788426131,"y":-0.9981881976127625,"z":0.045847777277231219,"w":-0.03865325450897217},"size":0.5197000503540039,"orthographic":false}